Open time,Open,High,Low,Close,Volume
2025-10-29 11:15:00,113031.31,113170.0,112993.36,113129.97,83.31099
2025-10-29 11:30:00,113129.97,113240.72,113023.86,113023.86,132.86215
2025-10-29 11:45:00,113023.86,113180.99,113023.86,113132.36,63.06224
2025-10-29 12:00:00,113132.35,113325.13,113132.35,113256.97,86.89706
2025-10-29 12:15:00,113256.97,113290.59,113074.0,113074.01,94.26806
2025-10-29 12:30:00,113074.01,113182.57,113050.01,113154.54,70.29301
2025-10-29 12:45:00,113154.54,113275.68,113084.33,113139.13,91.92655
2025-10-29 13:00:00,113139.13,113398.51,113097.24,113357.04,180.65289
2025-10-29 13:15:00,113357.04,113643.73,113336.81,113543.16,285.80022
2025-10-29 13:30:00,113543.17,113602.35,112926.0,113017.11,335.44095
2025-10-29 13:45:00,113017.11,113059.04,112705.0,112873.07,354.03035
2025-10-29 14:00:00,112873.08,112916.0,112484.95,112703.23,388.99269
2025-10-29 14:15:00,112703.23,112703.23,112234.74,112317.1,338.63472
2025-10-29 14:30:00,112317.1,112692.3,112246.41,112550.0,199.75737
2025-10-29 14:45:00,112550.01,112729.31,112317.1,112488.44,257.95748
2025-10-29 15:00:00,112488.45,112564.31,112220.01,112255.73,367.39006
2025-10-29 15:15:00,112255.74,112479.47,112000.0,112029.7,397.69044
2025-10-29 15:30:00,112029.7,112158.0,111672.99,111750.94,557.07036
2025-10-29 15:45:00,111750.94,111886.29,111401.5,111509.74,599.5939
2025-10-29 16:00:00,111509.74,111523.32,110960.0,111052.16,569.92524
2025-10-29 16:15:00,111052.15,111399.99,110983.8,111160.64,316.86574
2025-10-29 16:30:00,111160.63,111415.23,111100.0,111321.23,248.76111
2025-10-29 16:45:00,111321.22,111321.22,111089.98,111106.35,252.81095
2025-10-29 17:00:00,111106.35,111343.94,111070.43,111114.18,260.28767
2025-10-29 17:15:00,111114.18,111226.65,111002.23,111195.87,144.81707
2025-10-29 17:30:00,111195.86,111807.99,111153.76,111689.3,218.2039
2025-10-29 17:45:00,111689.3,111922.44,111626.6,111883.49,187.88101
2025-10-29 18:00:00,111883.5,112030.23,111112.36,111214.0,753.24679
2025-10-29 18:15:00,111214.0,111580.37,111174.61,111433.33,187.20915
2025-10-29 18:30:00,111433.34,111772.04,109200.0,109756.51,2633.85073
2025-10-29 18:45:00,109756.51,111277.33,109677.52,110806.38,797.88306
2025-10-29 19:00:00,110806.38,111438.65,110732.0,111300.32,455.88675
2025-10-29 19:15:00,111300.32,111400.0,110870.0,110947.53,269.88663
2025-10-29 19:30:00,110947.53,110966.26,110157.03,110385.26,280.43171
2025-10-29 19:45:00,110385.26,110853.14,110385.26,110640.0,163.8913
2025-10-29 20:00:00,110640.0,110858.31,110403.28,110587.73,297.71356
2025-10-29 20:15:00,110587.73,111348.11,110507.5,111329.97,191.3841
2025-10-29 20:30:00,111329.98,111381.77,111145.1,111261.29,105.43089
2025-10-29 20:45:00,111261.28,111538.16,111221.39,111433.46,133.9816
2025-10-29 21:00:00,111433.45,111541.98,111368.02,111389.11,93.92248
2025-10-29 21:15:00,111389.11,111566.34,111389.11,111545.71,64.4733
2025-10-29 21:30:00,111545.72,111800.0,111545.72,111612.12,135.89493
2025-10-29 21:45:00,111612.13,111687.51,111460.0,111617.26,110.7877
2025-10-29 22:00:00,111617.26,111618.46,111242.53,111442.04,217.71619
2025-10-29 22:15:00,111442.03,111511.3,111180.0,111220.18,78.63949
2025-10-29 22:30:00,111220.17,111252.44,111112.4,111132.86,56.92181
2025-10-29 22:45:00,111132.86,111250.0,110949.68,111028.2,93.97364
2025-10-29 23:00:00,111028.2,111077.76,110584.94,110584.95,316.4591
2025-10-29 23:15:00,110584.95,110733.21,110437.14,110463.59,149.21777
2025-10-29 23:30:00,110463.6,110463.6,109733.22,110003.25,436.02583
2025-10-29 23:45:00,110003.25,110153.84,109920.0,110021.29,165.08852
2025-10-30 00:00:00,110021.3,110154.82,109703.43,110150.92,214.68383
2025-10-30 00:15:00,110150.92,110402.52,110108.62,110386.98,166.94774
2025-10-30 00:30:00,110386.99,110519.81,110254.65,110440.23,175.45478
2025-10-30 00:45:00,110440.23,110583.86,110373.57,110559.48,92.50543
2025-10-30 01:00:00,110559.48,110611.74,110257.77,110505.02,145.66562
2025-10-30 01:15:00,110505.02,110595.7,110300.0,110382.7,106.50894
2025-10-30 01:30:00,110382.7,110611.05,110380.0,110607.09,120.8344
2025-10-30 01:45:00,110607.09,110725.64,110432.48,110460.76,202.63058
2025-10-30 02:00:00,110460.75,110595.51,110331.04,110595.51,120.23203
2025-10-30 02:15:00,110595.51,110985.84,110595.5,110918.62,150.58297
2025-10-30 02:30:00,110918.62,110999.95,110913.66,110973.46,98.90405
2025-10-30 02:45:00,110973.46,111011.99,110820.18,110985.92,118.49558
2025-10-30 03:00:00,110985.93,110985.93,110672.0,110778.0,168.91049
2025-10-30 03:15:00,110778.0,110874.0,110734.38,110783.89,127.74153
2025-10-30 03:30:00,110783.88,110914.23,110706.05,110726.64,150.89561
2025-10-30 03:45:00,110726.64,110816.85,110538.68,110751.47,181.19224
2025-10-30 04:00:00,110751.48,110761.43,109900.0,110011.49,489.05491
2025-10-30 04:15:00,110011.48,110152.37,108001.49,108390.02,1491.67402
2025-10-30 04:30:00,108390.02,109460.46,107925.06,108977.4,1185.61595
2025-10-30 04:45:00,108977.41,109246.48,108546.68,108575.27,370.62017
2025-10-30 05:00:00,108575.26,109020.0,108420.0,109006.89,300.6096
2025-10-30 05:15:00,109006.88,109200.0,108801.57,109163.95,227.63286
2025-10-30 05:30:00,109163.95,109923.07,109110.7,109917.23,356.36352
2025-10-30 05:45:00,109917.23,110434.58,109848.53,110248.29,327.5683
2025-10-30 06:00:00,110248.28,110295.96,110075.48,110180.0,246.25402
2025-10-30 06:15:00,110180.0,110244.5,109978.01,110176.27,191.33254
2025-10-30 06:30:00,110176.28,110921.6,110150.85,110896.13,367.91917
2025-10-30 06:45:00,110896.12,110964.09,110748.27,110768.01,195.32324
2025-10-30 07:00:00,110768.01,111325.5,110639.25,111220.02,282.08225
2025-10-30 07:15:00,111220.02,111592.0,111192.03,111274.25,283.39064
2025-10-30 07:30:00,111274.26,111376.99,111193.7,111376.98,155.72209
2025-10-30 07:45:00,111376.99,111440.52,111259.2,111366.72,110.60307
2025-10-30 08:00:00,111366.72,111467.01,110842.16,110851.05,726.44128
2025-10-30 08:15:00,110851.05,110979.64,110681.22,110681.23,219.21175
2025-10-30 08:30:00,110681.23,110921.65,110681.23,110879.61,96.1933
2025-10-30 08:45:00,110879.61,110889.31,110694.4,110714.31,145.36985
2025-10-30 09:00:00,110714.31,110814.0,110385.23,110417.57,286.73421
2025-10-30 09:15:00,110417.57,110469.0,110125.17,110415.4,153.71841
2025-10-30 09:30:00,110415.41,110530.91,110132.26,110193.38,121.69076
2025-10-30 09:45:00,110193.38,110370.52,110160.03,110171.69,96.96783
2025-10-30 10:00:00,110171.68,110231.92,109829.54,109878.01,226.7966
2025-10-30 10:15:00,109878.01,110164.86,109878.0,110065.8,163.17307
2025-10-30 10:30:00,110065.81,110186.0,109912.22,109912.22,102.77231
2025-10-30 10:45:00,109912.23,110194.83,109899.97,110105.75,80.41325
2025-10-30 11:00:00,110105.75,110144.25,109938.45,110010.88,69.01587
2025-10-30 11:15:00,110010.89,110063.74,109702.05,109922.74,220.7324
2025-10-30 11:30:00,109922.74,110063.21,109850.0,109945.89,115.08805
2025-10-30 11:45:00,109945.89,110075.03,109692.3,109717.29,146.22319
2025-10-30 12:00:00,109717.19,109777.93,109363.92,109426.96,203.49961
2025-10-30 12:15:00,109426.92,109500.0,108668.36,108784.3,472.59514
2025-10-30 12:30:00,108784.3,109104.99,108500.0,108500.27,426.34136
2025-10-30 12:45:00,108500.27,108668.2,108280.65,108387.86,347.05042
2025-10-30 13:00:00,108387.86,108728.54,108299.42,108539.96,774.91812
2025-10-30 13:15:00,108539.95,108557.55,108166.0,108461.22,416.35455
2025-10-30 13:30:00,108461.23,108538.46,107400.0,107473.0,1070.76903
2025-10-30 13:45:00,107473.01,108173.85,107419.47,107627.16,606.49534
2025-10-30 14:00:00,107627.15,108267.31,107610.44,108098.96,376.35208
2025-10-30 14:15:00,108098.96,108098.96,107777.77,107962.66,220.61741
2025-10-30 14:30:00,107962.67,108347.59,107843.51,108319.21,306.71533
2025-10-30 14:45:00,108319.22,108374.21,107919.24,108285.54,302.48863
2025-10-30 15:00:00,108285.54,108350.44,107900.0,107976.48,202.10365
2025-10-30 15:15:00,107976.48,107987.17,107758.39,107860.8,302.00891
2025-10-30 15:30:00,107860.8,107877.05,107480.0,107676.35,272.5999
2025-10-30 15:45:00,107676.34,107802.59,107328.0,107711.56,243.2014
2025-10-30 16:00:00,107711.56,108177.74,107559.98,108076.11,284.69958
2025-10-30 16:15:00,108076.11,108214.85,107900.0,108150.0,139.18143
2025-10-30 16:30:00,108150.0,108188.68,107946.61,108015.76,135.62874
2025-10-30 16:45:00,108015.76,108144.58,107946.61,108144.57,108.03876
2025-10-30 17:00:00,108144.58,108150.56,107470.64,107507.13,214.71593
2025-10-30 17:15:00,107507.13,107507.14,106801.0,107149.62,675.28935
2025-10-30 17:30:00,107149.62,107249.99,106850.0,107183.09,292.61007
2025-10-30 17:45:00,107183.09,107677.43,107183.08,107486.69,309.86447
2025-10-30 18:00:00,107486.69,107508.43,107231.55,107316.98,200.84745
2025-10-30 18:15:00,107316.98,107399.99,107210.56,107351.3,180.87193
2025-10-30 18:30:00,107351.3,107556.65,106929.11,106988.72,216.36512
2025-10-30 18:45:00,106988.71,107239.46,106791.78,106837.09,168.45703
2025-10-30 19:00:00,106837.09,107158.62,106716.71,106901.29,270.15421
2025-10-30 19:15:00,106901.29,107100.0,106659.9,107007.24,231.4206
2025-10-30 19:30:00,107007.24,107153.84,106304.34,106742.85,495.23821
2025-10-30 19:45:00,106742.86,107028.65,106346.0,106536.39,443.8792
2025-10-30 20:00:00,106536.39,107085.52,106316.17,106873.8,408.39327
2025-10-30 20:15:00,106873.8,107218.32,106852.23,107188.34,228.89451
2025-10-30 20:30:00,107188.33,107470.0,106830.86,107304.8,335.17912
2025-10-30 20:45:00,107304.81,107652.0,107237.52,107510.91,232.58535
2025-10-30 21:00:00,107510.91,107659.84,107401.84,107550.97,197.41592
2025-10-30 21:15:00,107550.97,107761.21,107400.0,107642.4,199.11741
2025-10-30 21:30:00,107642.4,107875.12,107438.36,107660.01,225.37071
2025-10-30 21:45:00,107660.0,107950.0,107607.65,107907.68,224.26515
2025-10-30 22:00:00,107907.67,107939.0,107638.63,107659.74,105.11956
2025-10-30 22:15:00,107659.73,107779.14,107596.89,107596.9,66.9974
2025-10-30 22:30:00,107596.89,107693.54,107472.0,107657.25,82.89883
2025-10-30 22:45:00,107657.25,107912.81,107585.07,107912.81,78.77272
2025-10-30 23:00:00,107912.81,107939.25,107600.01,107654.14,79.50798
2025-10-30 23:15:00,107654.14,107746.41,107607.62,107714.35,115.55577
2025-10-30 23:30:00,107714.35,108307.69,107703.31,107931.56,416.1972
2025-10-30 23:45:00,107931.57,108334.53,107911.92,108322.88,186.69022
2025-10-31 00:00:00,108322.87,108657.59,108275.28,108657.59,324.35111
2025-10-31 00:15:00,108657.59,108668.37,108422.32,108516.41,156.29304
2025-10-31 00:30:00,108516.4,108698.5,108482.72,108698.5,88.50242
2025-10-31 00:45:00,108698.49,109586.94,108698.49,109317.21,515.28284
2025-10-31 01:00:00,109317.21,110042.16,109180.0,109769.7,616.34341
2025-10-31 01:15:00,109769.7,109986.41,109699.43,109850.4,324.67968
2025-10-31 01:30:00,109850.39,109850.4,109449.0,109547.49,280.4149
2025-10-31 01:45:00,109547.49,109795.0,109511.45,109619.77,181.27718
2025-10-31 02:00:00,109619.77,109685.32,109014.58,109056.79,332.68262
2025-10-31 02:15:00,109056.78,109474.56,109056.78,109358.59,159.56017
2025-10-31 02:30:00,109358.59,109407.21,108745.56,108790.6,150.66134
2025-10-31 02:45:00,108790.59,108963.05,108565.26,108857.99,223.88759
2025-10-31 03:00:00,108858.0,109241.4,108613.11,109041.49,321.18344
2025-10-31 03:15:00,109041.49,109164.0,108971.52,109093.82,159.60545
2025-10-31 03:30:00,109093.82,109320.0,108832.06,108881.56,165.92429
2025-10-31 03:45:00,108881.56,109324.4,108881.55,109227.86,173.63182
2025-10-31 04:00:00,109227.87,109548.0,109114.88,109392.84,190.92402
2025-10-31 04:15:00,109392.85,109888.0,109248.29,109791.61,299.40407
2025-10-31 04:30:00,109791.62,110215.0,109667.67,110068.24,418.99966
2025-10-31 04:45:00,110068.25,110192.56,109921.71,110084.02,223.75153
2025-10-31 05:00:00,110084.02,110084.03,109780.99,109807.89,349.60827
2025-10-31 05:15:00,109807.9,109946.46,109691.92,109890.14,369.49621
2025-10-31 05:30:00,109890.14,110023.68,109846.04,109892.94,120.60645
2025-10-31 05:45:00,109892.94,109993.34,109842.47,109899.15,99.29731
2025-10-31 06:00:00,109899.15,109968.71,109598.52,109699.99,147.88558
2025-10-31 06:15:00,109699.99,109751.84,109561.23,109691.18,164.11278
2025-10-31 06:30:00,109691.18,109717.79,109517.49,109517.49,102.19523
2025-10-31 06:45:00,109517.5,109650.0,109517.49,109650.0,118.02234
2025-10-31 07:00:00,109650.0,109763.16,109440.74,109757.33,144.02654
2025-10-31 07:15:00,109757.33,109807.9,109607.35,109676.24,133.05909
2025-10-31 07:30:00,109676.24,109757.06,109511.71,109511.71,299.48315
2025-10-31 07:45:00,109511.72,109561.7,109266.58,109449.31,417.59699
2025-10-31 08:00:00,109449.32,109745.91,109214.13,109222.46,232.50043
2025-10-31 08:15:00,109222.45,109876.17,109222.45,109830.83,199.57635
2025-10-31 08:30:00,109830.82,109881.17,109672.0,109809.52,104.75611
2025-10-31 08:45:00,109809.53,110100.0,109765.73,110062.44,182.80068
2025-10-31 09:00:00,110062.45,110353.0,110012.26,110144.59,201.63395
2025-10-31 09:15:00,110144.59,110450.0,109988.0,109998.84,222.23324
2025-10-31 09:30:00,109998.84,110077.22,109910.0,109954.86,106.35373
2025-10-31 09:45:00,109954.86,110057.49,109807.89,109848.39,102.7177
2025-10-31 10:00:00,109848.39,109950.0,109764.0,109774.27,86.20816
2025-10-31 10:15:00,109774.28,109932.0,109768.66,109846.49,85.30008
2025-10-31 10:30:00,109846.5,110117.32,109710.08,110086.7,128.44267
2025-10-31 10:45:00,110086.69,110086.7,109807.89,109819.2,75.11671
2025-10-31 11:00:00,109819.21,109869.55,109573.51,109574.44,122.25149
2025-10-31 11:15:00,109574.44,109683.18,109479.26,109521.37,140.11485
2025-10-31 11:30:00,109521.38,109653.98,109461.53,109595.65,94.7815
2025-10-31 11:45:00,109595.65,110550.0,109595.65,110415.61,355.03529
2025-10-31 12:00:00,110415.62,110681.0,110136.9,110174.61,303.00739
2025-10-31 12:15:00,110174.62,110497.14,110148.86,110170.08,191.16553
2025-10-31 12:30:00,110170.08,110319.99,109644.65,109768.2,295.18986
2025-10-31 12:45:00,109768.2,109840.94,109619.94,109653.19,114.73861
2025-10-31 13:00:00,109653.2,110056.0,109649.03,110035.01,87.03513
2025-10-31 13:15:00,110035.0,110240.0,109886.53,109922.59,168.86095
2025-10-31 13:30:00,109922.59,109922.59,109366.91,109614.89,558.2994
2025-10-31 13:45:00,109614.9,110220.86,109598.52,110157.54,350.1248
2025-10-31 14:00:00,110157.54,110575.74,109942.26,109971.02,474.03738
2025-10-31 14:15:00,109971.02,110094.84,109701.0,109805.08,285.92944
2025-10-31 14:30:00,109805.08,110100.0,109590.46,110028.59,549.93475
2025-10-31 14:45:00,110028.59,111054.61,109972.13,110790.14,1177.34022
2025-10-31 15:00:00,110790.14,111190.0,110409.0,110783.77,744.37688
2025-10-31 15:15:00,110784.0,110859.98,110396.91,110487.84,279.28004
2025-10-31 15:30:00,110487.84,110632.07,110233.36,110485.85,233.22032
2025-10-31 15:45:00,110485.84,110614.58,110132.02,110202.9,300.7762
2025-10-31 16:00:00,110202.9,110300.0,110000.0,110097.84,243.61838
2025-10-31 16:15:00,110097.84,110159.52,109806.37,110112.72,201.36125
2025-10-31 16:30:00,110112.71,110145.73,109606.1,109716.08,159.97682
2025-10-31 16:45:00,109716.08,109716.09,108671.25,108845.4,617.95569
2025-10-31 17:00:00,108845.4,109226.63,108635.77,108931.68,474.27714
2025-10-31 17:15:00,108931.69,109218.93,108635.0,109042.51,254.05561
2025-10-31 17:30:00,109042.5,109330.59,109016.99,109284.47,180.14116
2025-10-31 17:45:00,109284.47,109417.91,109251.45,109299.98,99.56538
2025-10-31 18:00:00,109299.98,109542.16,109299.98,109422.77,96.38743
2025-10-31 18:15:00,109422.77,109435.27,109202.07,109232.0,102.18595
2025-10-31 18:30:00,109232.01,109817.51,108974.76,109750.49,482.56881
2025-10-31 18:45:00,109750.49,109750.5,109322.07,109452.35,127.84375
2025-10-31 19:00:00,109452.2,109452.2,109114.52,109358.09,102.17748
2025-10-31 19:15:00,109358.09,109939.72,109351.12,109780.01,216.32143
2025-10-31 19:30:00,109780.01,110184.24,109777.06,109938.23,245.22278
2025-10-31 19:45:00,109938.22,110237.66,109792.13,109828.78,260.75155
2025-10-31 20:00:00,109828.78,109828.79,109560.29,109791.03,273.48744
2025-10-31 20:15:00,109791.04,109822.17,109640.08,109687.91,72.57191
2025-10-31 20:30:00,109687.91,109708.49,109500.0,109534.48,70.74773
2025-10-31 20:45:00,109534.47,109782.86,109438.12,109493.85,114.95662
2025-10-31 21:00:00,109493.84,109592.16,109329.15,109338.96,89.14206
2025-10-31 21:15:00,109338.97,109685.28,109338.96,109548.6,66.69375
2025-10-31 21:30:00,109548.6,109750.0,109451.11,109562.21,103.56976
2025-10-31 21:45:00,109562.21,109687.18,109547.52,109558.48,72.38212
2025-10-31 22:00:00,109558.48,109746.78,109483.66,109706.12,88.0006
2025-10-31 22:15:00,109706.13,109801.89,109588.3,109656.57,65.56377
2025-10-31 22:30:00,109656.56,109733.34,109630.0,109630.0,88.81633
2025-10-31 22:45:00,109630.0,109630.01,109570.87,109580.09,44.55459
2025-10-31 23:00:00,109580.08,109608.0,109544.49,109544.5,70.605
2025-10-31 23:15:00,109544.49,109629.16,109540.55,109613.24,27.10994
2025-10-31 23:30:00,109613.23,109655.39,109518.22,109651.35,48.38352
2025-10-31 23:45:00,109651.35,109683.31,109608.0,109608.01,31.31828
2025-11-01 00:00:00,109608.01,109639.64,109415.29,109471.44,144.92674
2025-11-01 00:15:00,109471.44,109564.32,109394.81,109537.24,65.96458
2025-11-01 00:30:00,109537.23,109615.51,109433.07,109615.5,34.88193
2025-11-01 00:45:00,109615.51,109751.99,109615.5,109730.78,68.83398
2025-11-01 01:00:00,109730.78,109877.0,109724.92,109772.81,47.64798
2025-11-01 01:15:00,109772.81,109928.05,109699.84,109928.04,48.67105
2025-11-01 01:30:00,109928.05,110048.0,109779.99,109818.93,78.75499
2025-11-01 01:45:00,109818.93,109849.99,109734.1,109734.11,30.87653
2025-11-01 02:00:00,109734.1,109756.47,109509.21,109639.31,123.01876
2025-11-01 02:15:00,109639.3,109788.9,109639.3,109651.53,51.6088
2025-11-01 02:30:00,109651.54,109668.84,109478.09,109619.01,74.79402
2025-11-01 02:45:00,109619.0,109872.29,109619.0,109790.27,72.88743
2025-11-01 03:00:00,109790.27,109948.96,109789.17,109900.48,56.61686
2025-11-01 03:15:00,109900.48,110217.89,109900.47,110034.09,194.89303
2025-11-01 03:30:00,110034.09,110288.39,110026.9,110167.4,143.22112
2025-11-01 03:45:00,110167.39,110315.54,110123.79,110226.37,91.93302
2025-11-01 04:00:00,110226.38,110564.49,110226.37,110265.62,198.69969
2025-11-01 04:15:00,110265.62,110355.96,110109.58,110291.54,99.52576
2025-11-01 04:30:00,110291.53,110371.9,110203.64,110280.65,118.3043
2025-11-01 04:45:00,110280.65,110339.22,110226.63,110291.67,69.75903
2025-11-01 05:00:00,110291.66,110328.0,110084.31,110098.66,61.54699
2025-11-01 05:15:00,110098.66,110187.42,110050.0,110145.33,39.99801
2025-11-01 05:30:00,110145.33,110382.87,110120.23,110281.22,80.7935
2025-11-01 05:45:00,110281.23,110281.23,110105.94,110140.79,49.13727
2025-11-01 06:00:00,110140.78,110156.74,110033.0,110057.98,106.41454
2025-11-01 06:15:00,110057.99,110060.75,109997.26,110017.27,50.72457
2025-11-01 06:30:00,110017.27,110175.38,109951.43,109967.09,56.94292
2025-11-01 06:45:00,109967.1,110007.99,109933.86,110004.82,58.05427
2025-11-01 07:00:00,110004.82,110126.89,109992.78,110044.08,51.0391
2025-11-01 07:15:00,110044.08,110196.85,110044.08,110175.03,63.15617
2025-11-01 07:30:00,110175.03,110251.67,110074.01,110094.39,110.23828
2025-11-01 07:45:00,110094.38,110097.57,110025.99,110071.4,59.57732
2025-11-01 08:00:00,110071.4,110194.58,110071.4,110160.0,71.37445
2025-11-01 08:15:00,110160.0,110268.86,110159.99,110188.89,95.25171
2025-11-01 08:30:00,110188.9,110233.82,110180.0,110180.01,55.05821
2025-11-01 08:45:00,110180.01,110270.9,110180.0,110248.88,88.84436
2025-11-01 09:00:00,110248.88,110248.88,110175.55,110233.45,79.08441
2025-11-01 09:15:00,110233.45,110254.55,110142.85,110182.45,68.11031
2025-11-01 09:30:00,110182.46,110182.46,109981.19,110005.53,95.77451
2025-11-01 09:45:00,110005.54,110121.95,109970.18,109991.29,108.02028
2025-11-01 10:00:00,109991.29,110099.98,109854.72,109893.99,97.70673
2025-11-01 10:15:00,109894.0,110017.27,109893.99,110007.92,56.39855
2025-11-01 10:30:00,110007.91,110080.0,109976.82,110080.0,63.96051
2025-11-01 10:45:00,110079.99,110169.23,110070.26,110147.83,54.9687
2025-11-01 11:00:00,110147.83,110238.78,110147.83,110193.61,50.123
2025-11-01 11:15:00,110193.6,110197.5,110052.23,110052.24,32.39333
2025-11-01 11:30:00,110052.24,110093.18,110000.01,110093.18,43.67166
2025-11-01 11:45:00,110093.18,110187.03,110086.68,110137.59,67.24674
2025-11-01 12:00:00,110137.59,110200.0,110097.71,110097.72,80.40269
2025-11-01 12:15:00,110097.72,110120.01,110000.01,110078.89,88.02064
2025-11-01 12:30:00,110078.89,110156.11,110078.89,110152.53,44.47591
2025-11-01 12:45:00,110152.53,110152.54,110017.26,110017.27,77.04582
2025-11-01 13:00:00,110017.26,110029.83,109956.1,109961.22,41.59673
2025-11-01 13:15:00,109961.22,110017.25,109961.21,110008.01,42.19442
2025-11-01 13:30:00,110008.0,110054.96,109702.66,109777.61,120.8447
2025-11-01 13:45:00,109777.61,109992.14,109777.61,109946.27,69.16883
2025-11-01 14:00:00,109946.26,109993.98,109736.47,109747.81,95.43428
2025-11-01 14:15:00,109747.81,109890.0,109728.94,109888.83,158.44137
2025-11-01 14:30:00,109888.83,109960.0,109874.89,109938.55,50.1788
2025-11-01 14:45:00,109938.55,109938.55,109900.07,109933.85,39.63566
2025-11-01 15:00:00,109933.86,110348.0,109910.22,110200.01,219.92569
2025-11-01 15:15:00,110200.0,110259.98,109989.11,110060.0,185.16623
2025-11-01 15:30:00,110059.99,110152.42,110017.27,110076.83,78.95156
2025-11-01 15:45:00,110076.83,110310.68,110067.4,110310.65,135.52176
2025-11-01 16:00:00,110310.65,110470.54,110213.49,110213.49,232.87733
2025-11-01 16:15:00,110213.5,110300.0,110208.49,110208.5,89.22511
2025-11-01 16:30:00,110208.49,110460.21,110208.49,110460.19,207.23424
2025-11-01 16:45:00,110460.19,110529.99,110400.07,110464.33,141.08371
2025-11-01 17:00:00,110464.33,110495.04,110278.46,110349.88,115.7671
2025-11-01 17:15:00,110349.88,110369.55,110208.73,110208.74,72.22077
2025-11-01 17:30:00,110208.74,110346.95,110208.74,110292.01,53.47691
2025-11-01 17:45:00,110292.01,110338.96,110192.0,110208.97,56.05078
2025-11-01 18:00:00,110208.96,110300.0,110193.43,110280.01,46.03822
2025-11-01 18:15:00,110280.0,110349.2,110255.41,110260.09,54.1954
2025-11-01 18:30:00,110260.09,110267.71,110227.82,110241.31,31.81825
2025-11-01 18:45:00,110241.31,110361.03,110241.3,110341.27,37.36229
2025-11-01 19:00:00,110341.28,110341.28,110220.77,110231.46,24.66253
2025-11-01 19:15:00,110231.46,110300.0,110231.45,110274.34,26.18454
2025-11-01 19:30:00,110274.35,110280.74,110229.41,110280.74,34.53624
2025-11-01 19:45:00,110280.74,110313.4,110269.7,110299.99,24.6022
2025-11-01 20:00:00,110300.0,110398.51,110298.17,110340.69,64.26882
2025-11-01 20:15:00,110340.69,110482.57,110328.68,110445.73,39.74929
2025-11-01 20:30:00,110445.73,110516.17,110393.76,110441.21,71.28346
2025-11-01 20:45:00,110441.21,110456.58,110362.0,110406.2,35.91116
2025-11-01 21:00:00,110406.21,110426.0,110202.25,110214.42,67.65221
2025-11-01 21:15:00,110214.43,110379.1,110214.43,110351.91,62.83982
2025-11-01 21:30:00,110351.92,110351.92,110164.47,110203.99,52.2447
2025-11-01 21:45:00,110204.0,110204.0,109858.44,109862.85,90.30884
2025-11-01 22:00:00,109862.85,110047.66,109862.84,109961.01,103.80339
2025-11-01 22:15:00,109961.02,110038.0,109954.91,109998.04,58.56487
2025-11-01 22:30:00,109998.04,110064.76,109998.03,110049.99,50.09649
2025-11-01 22:45:00,110050.0,110098.59,110001.23,110092.78,46.99464
2025-11-01 23:00:00,110092.79,110092.79,110001.52,110036.13,29.04067
2025-11-01 23:15:00,110036.13,110094.33,109996.05,110086.01,27.04663
2025-11-01 23:30:00,110086.02,110086.02,109974.0,110046.49,37.81535
2025-11-01 23:45:00,110046.48,110144.49,110013.67,110098.1,35.11326
2025-11-02 00:00:00,110098.1,110115.94,110030.54,110037.0,43.08063
2025-11-02 00:15:00,110036.99,110127.26,109895.27,110030.64,92.40939
2025-11-02 00:30:00,110030.65,110079.13,109954.01,109998.62,148.94518
2025-11-02 00:45:00,109998.62,110031.62,109948.99,109974.09,33.75598
2025-11-02 01:00:00,109974.09,110029.15,109921.05,109986.45,42.11418
2025-11-02 01:15:00,109986.46,110091.36,109978.0,110091.36,44.26767
2025-11-02 01:30:00,110091.36,110091.36,110028.25,110041.62,29.63342
2025-11-02 01:45:00,110041.62,110041.63,109948.3,109978.01,43.64626
2025-11-02 02:00:00,109978.01,110012.17,109879.39,110012.16,57.86741
2025-11-02 02:15:00,110012.17,110012.17,109893.94,109995.91,33.31781
2025-11-02 02:30:00,109995.92,110263.91,109995.91,110009.36,93.93452
2025-11-02 02:45:00,110009.35,110050.0,109979.87,110015.77,47.9986
2025-11-02 03:00:00,110015.76,110040.01,109968.01,110026.7,25.08008
2025-11-02 03:15:00,110026.7,110028.39,109976.37,109985.44,26.00687
2025-11-02 03:30:00,109985.45,110086.82,109976.6,110023.22,55.56502
2025-11-02 03:45:00,110023.22,110055.45,109962.06,110053.23,38.65021
2025-11-02 04:00:00,110053.22,110146.75,110030.06,110116.0,242.74623
2025-11-02 04:15:00,110116.0,110190.0,110038.67,110131.0,397.13785
2025-11-02 04:30:00,110131.0,110475.11,110079.48,110435.01,451.12074
2025-11-02 04:45:00,110435.01,110784.13,110426.58,110670.27,289.23805
2025-11-02 05:00:00,110670.27,110714.04,110453.45,110512.0,396.05211
2025-11-02 05:15:00,110511.99,110596.74,110335.98,110456.8,185.80956
2025-11-02 05:30:00,110456.81,110515.29,110274.65,110485.13,296.98265
2025-11-02 05:45:00,110485.14,110568.04,110329.91,110497.98,382.7294
2025-11-02 06:00:00,110497.98,110526.74,110375.78,110375.78,110.56641
2025-11-02 06:15:00,110375.79,110426.15,110326.21,110413.17,135.20021
2025-11-02 06:30:00,110413.17,110525.12,110274.9,110525.11,329.21054
2025-11-02 06:45:00,110525.11,110725.9,110519.18,110663.89,292.87324
2025-11-02 07:00:00,110663.9,110689.34,110523.72,110549.95,82.01288
2025-11-02 07:15:00,110549.95,110551.47,110429.7,110503.06,117.78244
2025-11-02 07:30:00,110503.05,110718.0,110473.91,110690.76,185.51587
2025-11-02 07:45:00,110690.75,111045.09,110647.1,110895.53,534.22484
2025-11-02 08:00:00,110895.53,111013.43,110790.06,110798.9,178.68019
2025-11-02 08:15:00,110798.9,110860.43,110716.52,110797.68,72.12255
2025-11-02 08:30:00,110797.69,110845.5,110736.11,110827.26,142.23658
2025-11-02 08:45:00,110827.26,110850.17,110767.84,110850.17,125.60558
2025-11-02 09:00:00,110850.17,110989.91,110850.16,110978.65,180.93893
2025-11-02 09:15:00,110978.66,111037.94,110911.85,110968.29,75.44685
2025-11-02 09:30:00,110968.28,110968.29,110587.42,110625.21,148.16592
2025-11-02 09:45:00,110625.22,110714.41,110525.89,110714.0,161.87825
2025-11-02 10:00:00,110714.0,110876.53,110592.0,110868.76,326.07702
2025-11-02 10:15:00,110868.75,110868.76,110572.8,110578.5,179.82608
2025-11-02 10:30:00,110578.5,110578.51,110346.15,110390.47,162.22244
2025-11-02 10:45:00,110390.97,110492.0,110386.96,110492.0,47.83379
2025-11-02 11:00:00,110491.99,110672.13,110482.6,110645.38,70.86072
2025-11-02 11:15:00,110645.38,110876.12,110645.37,110844.05,71.51676
2025-11-02 11:30:00,110844.05,110963.49,110730.0,110901.3,135.08796
2025-11-02 11:45:00,110901.3,111229.78,110901.3,111196.99,349.79877
2025-11-02 12:00:00,111196.99,111250.01,111060.0,111095.11,174.84647
2025-11-02 12:15:00,111095.11,111172.0,110889.86,110935.85,114.66934
2025-11-02 12:30:00,110935.84,111013.11,110794.0,110819.99,91.47447
2025-11-02 12:45:00,110820.0,110823.91,110678.25,110736.24,79.54264
2025-11-02 13:00:00,110736.24,110766.79,110572.35,110603.35,89.01875
2025-11-02 13:15:00,110603.34,110603.35,110173.84,110407.23,183.75122
2025-11-02 13:30:00,110407.24,110480.61,110283.8,110370.28,70.25476
2025-11-02 13:45:00,110370.28,110592.98,110314.94,110568.65,77.264
2025-11-02 14:00:00,110568.65,110667.62,110438.58,110479.85,81.35926
2025-11-02 14:15:00,110479.85,110535.21,110205.0,110307.99,144.80039
2025-11-02 14:30:00,110308.0,110543.99,110298.97,110356.74,100.61613
2025-11-02 14:45:00,110356.73,110521.35,110202.16,110422.24,93.95127
2025-11-02 15:00:00,110422.24,110432.01,110270.62,110392.05,83.25218
2025-11-02 15:15:00,110392.04,110566.86,110383.16,110523.9,69.79768
2025-11-02 15:30:00,110523.9,110566.08,110236.76,110274.85,113.83391
2025-11-02 15:45:00,110274.86,110354.6,110096.32,110117.48,120.947
2025-11-02 16:00:00,110117.49,110143.53,109814.91,109834.98,354.46971
2025-11-02 16:15:00,109834.98,110081.52,109735.59,110081.51,123.52577
2025-11-02 16:30:00,110081.51,110121.95,109947.98,110077.99,84.1518
2025-11-02 16:45:00,110077.99,110133.76,109961.41,110115.34,52.10857
2025-11-02 17:00:00,110115.34,110235.32,110101.6,110226.63,53.16282
2025-11-02 17:15:00,110226.63,110263.91,110142.65,110163.16,41.93206
2025-11-02 17:30:00,110163.15,110163.15,110027.93,110050.04,85.69118
2025-11-02 17:45:00,110050.05,110190.41,110027.93,110190.4,35.11173
2025-11-02 18:00:00,110190.41,110272.91,110181.02,110191.07,40.24162
2025-11-02 18:15:00,110191.07,110277.84,110174.33,110251.04,25.18215
2025-11-02 18:30:00,110251.03,110296.67,110187.09,110282.48,42.71952
2025-11-02 18:45:00,110282.48,110331.0,110276.72,110331.0,29.53074
2025-11-02 19:00:00,110331.0,110331.0,110205.68,110220.0,30.82333
2025-11-02 19:15:00,110220.01,110220.01,109960.95,109960.95,52.06733
2025-11-02 19:30:00,109960.96,110144.0,109960.95,110045.77,82.24685
2025-11-02 19:45:00,110045.78,110180.85,110040.28,110180.84,52.51085
2025-11-02 20:00:00,110180.85,110213.2,109970.07,109970.07,54.01675
2025-11-02 20:15:00,109970.08,110050.63,109890.34,109921.91,60.78513
2025-11-02 20:30:00,109921.91,110080.43,109921.89,110051.93,60.19147
2025-11-02 20:45:00,110051.93,110086.7,110031.54,110086.7,33.24479
2025-11-02 21:00:00,110086.7,110126.94,109972.0,110003.48,67.63743
2025-11-02 21:15:00,110003.49,110063.47,109978.88,110020.29,41.28633
2025-11-02 21:30:00,110020.29,110072.88,110003.27,110036.07,45.18034
2025-11-02 21:45:00,110036.07,110101.22,109990.9,109990.9,42.50848
2025-11-02 22:00:00,109990.91,110011.99,109957.56,109960.58,42.75869
2025-11-02 22:15:00,109960.58,110012.0,109950.96,109992.3,42.45115
2025-11-02 22:30:00,109992.3,109992.3,109471.34,109632.89,295.76432
2025-11-02 22:45:00,109632.89,109900.0,109549.36,109899.99,78.01641
2025-11-02 23:00:00,109900.0,110500.0,109900.0,110464.21,266.91818
2025-11-02 23:15:00,110464.21,110500.0,110142.15,110187.75,93.00222
2025-11-02 23:30:00,110187.76,110536.88,110165.73,110413.8,179.94873
2025-11-02 23:45:00,110413.8,110742.26,110356.64,110540.68,114.66031
2025-11-03 00:00:00,110540.69,110750.0,110500.0,110686.31,103.02808
2025-11-03 00:15:00,110686.31,110689.02,110332.54,110332.57,106.5294
2025-11-03 00:30:00,110332.57,110371.3,110242.74,110278.68,55.47207
2025-11-03 00:45:00,110278.68,110305.46,109757.1,109757.11,184.06029
2025-11-03 01:00:00,109757.1,109842.07,109484.0,109714.24,228.61545
2025-11-03 01:15:00,109714.24,109807.9,109528.39,109643.86,153.50982
2025-11-03 01:30:00,109643.85,109790.26,109366.75,109735.03,395.75673
2025-11-03 01:45:00,109735.04,109910.33,109582.11,109665.5,127.35475
2025-11-03 02:00:00,109665.5,109754.14,109405.49,109679.25,156.75846
2025-11-03 02:15:00,109679.24,109679.24,109232.95,109249.74,208.42762
2025-11-03 02:30:00,109249.74,109249.75,108816.51,108860.01,390.03203
2025-11-03 02:45:00,108860.01,109088.81,108666.66,109033.83,332.79985
2025-11-03 03:00:00,109033.84,109155.74,108204.22,108233.74,510.31451
2025-11-03 03:15:00,108233.74,108461.62,107963.43,108127.33,441.02511
2025-11-03 03:30:00,108127.33,108385.8,107967.19,108252.56,271.07774
2025-11-03 03:45:00,108252.56,108252.56,107907.44,107937.45,301.76759
2025-11-03 04:00:00,107937.45,107993.79,107513.6,107734.03,495.39873
2025-11-03 04:15:00,107734.02,107900.0,107480.13,107836.31,235.33666
2025-11-03 04:30:00,107836.32,107933.88,107688.61,107718.5,167.48728
2025-11-03 04:45:00,107718.49,107999.53,107714.6,107900.37,160.32323
2025-11-03 05:00:00,107900.37,108035.81,107800.0,107972.59,148.04037
2025-11-03 05:15:00,107972.59,108075.0,107754.0,107968.39,216.30929
2025-11-03 05:30:00,107968.39,108007.46,107522.89,107599.99,174.23568
2025-11-03 05:45:00,107600.0,107683.23,107400.0,107606.75,276.53929
2025-11-03 06:00:00,107606.75,107714.05,107295.58,107347.08,301.06482
2025-11-03 06:15:00,107347.07,107580.0,107319.12,107454.99,218.9355
2025-11-03 06:30:00,107455.0,107667.99,107307.13,107364.24,235.74507
2025-11-03 06:45:00,107364.24,107640.0,107006.05,107494.23,359.54396
2025-11-03 07:00:00,107494.24,107494.24,107272.93,107443.44,149.85449
2025-11-03 07:15:00,107443.44,107832.45,107314.02,107650.01,226.8808
2025-11-03 07:30:00,107650.01,107715.86,107458.71,107476.04,283.72908
2025-11-03 07:45:00,107476.05,107689.15,107444.21,107468.23,214.09871
2025-11-03 08:00:00,107468.23,107705.15,107409.31,107577.25,137.23595
2025-11-03 08:15:00,107577.25,107577.25,107204.5,107228.36,128.86953
2025-11-03 08:30:00,107228.36,107297.95,107117.06,107233.74,179.65856
2025-11-03 08:45:00,107233.74,107594.81,106888.0,107586.97,587.68317
2025-11-03 09:00:00,107586.98,107912.86,107538.0,107788.99,202.74666
2025-11-03 09:15:00,107788.98,107788.98,107291.5,107370.07,224.33478
2025-11-03 09:30:00,107370.08,107456.09,107201.44,107341.17,131.86797
2025-11-03 09:45:00,107341.18,107341.18,107083.33,107197.94,116.7562
2025-11-03 10:00:00,107197.95,107555.01,107197.95,107512.83,138.81008
2025-11-03 10:15:00,107512.83,107621.06,107491.89,107592.09,93.45642
2025-11-03 10:30:00,107592.09,107592.09,107172.91,107246.09,266.33395
2025-11-03 10:45:00,107246.08,107324.07,106726.63,106974.99,488.79745
2025-11-03 11:00:00,106974.99,107587.02,106963.0,107527.29,376.76157
2025-11-03 11:15:00,107527.28,107800.0,107460.0,107637.16,170.98641
2025-11-03 11:30:00,107637.16,107760.0,107513.84,107734.75,99.89089
2025-11-03 11:45:00,107734.75,107920.92,107660.21,107787.42,126.37382
2025-11-03 12:00:00,107787.42,108241.66,107713.1,108065.85,292.3489
2025-11-03 12:15:00,108066.39,108265.44,108048.56,108254.88,191.31227
2025-11-03 12:30:00,108254.89,108263.8,107841.98,107841.98,122.78215
2025-11-03 12:45:00,107841.99,107967.67,107716.26,107768.9,136.18276
2025-11-03 13:00:00,107768.91,107776.0,107600.14,107692.93,159.21343
2025-11-03 13:15:00,107692.93,107751.03,107574.77,107688.0,184.10838
2025-11-03 13:30:00,107688.0,108039.21,107688.0,107856.5,180.06473
2025-11-03 13:45:00,107856.51,108068.59,107768.9,107908.68,124.27409
2025-11-03 14:00:00,107908.68,108333.0,107870.0,107875.27,210.7847
2025-11-03 14:15:00,107875.26,107918.71,107533.8,107546.21,168.9212
2025-11-03 14:30:00,107546.22,107832.0,107369.01,107621.61,288.91375
2025-11-03 14:45:00,107621.6,108067.54,107522.38,108059.99,251.29321
2025-11-03 15:00:00,108060.0,108148.81,107536.5,107648.43,301.88782
2025-11-03 15:15:00,107648.43,107648.43,105732.51,105992.64,1414.56071
2025-11-03 15:30:00,105992.64,106567.65,105511.0,106084.82,1460.04224
2025-11-03 15:45:00,106084.82,106299.76,105658.26,105745.71,677.46742
2025-11-03 16:00:00,105745.71,106176.33,105306.56,106073.24,1218.26908
2025-11-03 16:15:00,106073.24,106582.24,105809.11,106380.0,977.00624
2025-11-03 16:30:00,106380.0,106647.52,106234.03,106498.83,1035.89101
2025-11-03 16:45:00,106498.83,106798.01,106440.0,106678.44,391.07474
2025-11-03 17:00:00,106678.43,106937.53,106536.11,106850.01,356.71259
2025-11-03 17:15:00,106850.01,107783.2,106778.28,107080.0,608.2291
2025-11-03 17:30:00,107080.01,107592.5,107067.33,107469.99,318.58668
2025-11-03 17:45:00,107470.0,107679.39,107328.5,107481.19,280.22827
2025-11-03 18:00:00,107481.2,107599.85,107179.92,107190.0,727.74692
2025-11-03 18:15:00,107190.0,107528.72,107099.51,107262.24,261.49104
2025-11-03 18:30:00,107262.24,107402.9,106870.0,106898.73,395.27413
2025-11-03 18:45:00,106898.73,107198.14,106813.0,106961.62,267.03776
2025-11-03 19:00:00,106961.61,107068.86,106455.23,106791.64,314.10491
2025-11-03 19:15:00,106791.64,107148.71,106780.0,106945.99,249.998
2025-11-03 19:30:00,106946.0,107395.25,106927.06,107269.75,232.11296
2025-11-03 19:45:00,107269.75,107373.06,107040.0,107090.0,154.65141
2025-11-03 20:00:00,107090.0,107169.68,106720.49,106723.74,236.93353
2025-11-03 20:15:00,106723.73,106839.0,106512.0,106745.92,216.3308
2025-11-03 20:30:00,106745.42,107032.77,106617.34,106660.0,137.07086
2025-11-03 20:45:00,106660.0,106716.28,106310.43,106657.55,259.87331
2025-11-03 21:00:00,106657.55,107094.27,106544.88,106568.2,270.22284
2025-11-03 21:15:00,106568.21,106793.04,106088.73,106625.06,240.5625
2025-11-03 21:30:00,106625.06,107032.0,106553.17,107020.48,166.84548
2025-11-03 21:45:00,107020.49,107038.84,106813.93,106888.71,112.62833
2025-11-03 22:00:00,106888.71,106888.71,106363.04,106524.31,344.54985
2025-11-03 22:15:00,106524.32,106610.0,106136.84,106176.34,235.4009
2025-11-03 22:30:00,106176.33,106455.98,105755.59,106376.06,371.83039
2025-11-03 22:45:00,106376.07,106633.59,106325.47,106489.95,198.78534
2025-11-03 23:00:00,106489.94,106489.95,106030.14,106246.42,204.38116
2025-11-03 23:15:00,106246.42,106534.05,106230.38,106440.73,136.68914
2025-11-03 23:30:00,106440.72,106750.0,106417.33,106618.51,164.13874
2025-11-03 23:45:00,106618.51,106669.92,106464.0,106583.04,131.75615
2025-11-04 00:00:00,106583.05,106623.12,106288.48,106320.56,220.52099
2025-11-04 00:15:00,106320.56,106360.15,105852.37,105852.38,326.83246
2025-11-04 00:30:00,105852.37,106808.51,105852.37,106733.61,426.32206
2025-11-04 00:45:00,106733.61,106733.61,106302.92,106471.45,221.97966
2025-11-04 01:00:00,106471.45,106697.37,106277.46,106592.24,215.50431
2025-11-04 01:15:00,106592.24,107184.45,106524.83,106898.42,391.47886
2025-11-04 01:30:00,106898.42,107298.74,106898.42,107125.43,321.11466
2025-11-04 01:45:00,107125.43,107155.12,106683.94,107040.01,205.89242
2025-11-04 02:00:00,107040.0,107040.0,106731.28,106922.18,123.84003
2025-11-04 02:15:00,106922.17,107243.23,106830.33,106944.59,179.16242
2025-11-04 02:30:00,106944.6,107013.48,106666.0,106763.31,194.33505
2025-11-04 02:45:00,106763.31,106763.31,106477.1,106482.6,204.32578
2025-11-04 03:00:00,106482.61,106942.0,106223.14,106917.32,250.96024
2025-11-04 03:15:00,106917.32,107030.0,106760.0,106962.95,316.05798
2025-11-04 03:30:00,106962.95,107211.61,106833.86,107165.92,282.26625
2025-11-04 03:45:00,107165.91,107233.83,107013.34,107158.79,208.38536
2025-11-04 04:00:00,107158.79,107299.0,107110.61,107193.79,281.67981
2025-11-04 04:15:00,107193.8,107193.8,106905.23,106939.09,185.11321
2025-11-04 04:30:00,106939.09,107042.36,106785.68,106842.79,147.70689
2025-11-04 04:45:00,106842.79,106894.61,106703.82,106750.14,130.9311
2025-11-04 05:00:00,106750.14,106750.15,106474.54,106590.01,120.99123
2025-11-04 05:15:00,106590.01,106601.55,105488.0,105668.09,536.42887
2025-11-04 05:30:00,105668.08,105678.2,104934.59,104944.32,1408.53312
2025-11-04 05:45:00,104944.31,105084.3,104200.0,104215.76,1202.40458
2025-11-04 06:00:00,104215.76,104909.41,104200.0,104886.08,709.14315
2025-11-04 06:15:00,104886.07,105201.0,104721.82,104972.73,629.80403
2025-11-04 06:30:00,104972.74,104988.88,104491.16,104541.0,360.76128
2025-11-04 06:45:00,104541.0,104800.01,104521.02,104766.14,682.7647
2025-11-04 07:00:00,104766.14,104997.64,104405.0,104449.97,564.92801
2025-11-04 07:15:00,104449.98,104705.18,104337.77,104370.72,312.01113
2025-11-04 07:30:00,104370.73,104736.71,104317.56,104397.96,417.10791
2025-11-04 07:45:00,104397.95,104598.03,104340.35,104490.72,339.55772
2025-11-04 08:00:00,104490.73,104540.68,103838.26,103880.07,714.35767
2025-11-04 08:15:00,103880.07,104496.09,103759.99,104202.4,534.04456
2025-11-04 08:30:00,104202.41,104631.39,104192.83,104441.56,330.71194
2025-11-04 08:45:00,104441.55,104468.84,103936.98,104051.9,224.93436
2025-11-04 09:00:00,104051.9,104078.97,103698.11,103832.94,311.37036
2025-11-04 09:15:00,103832.94,104030.14,103666.0,103878.13,440.76523
2025-11-04 09:30:00,103878.13,104138.65,103774.67,103883.92,348.64274
2025-11-04 09:45:00,103883.91,103989.18,103636.0,103857.96,354.94328
2025-11-04 10:00:00,103857.96,103878.95,103657.67,103678.66,285.94827
2025-11-04 10:15:00,103678.66,103893.59,103650.67,103745.15,219.20534
2025-11-04 10:30:00,103745.14,104106.55,103605.0,103832.97,325.43592
2025-11-04 10:45:00,103832.98,103863.67,103610.0,103816.39,242.65286
2025-11-04 11:00:00,103816.39,104262.3,103774.33,104200.01,313.717
2025-11-04 11:15:00,104200.02,104481.54,104133.95,104310.1,284.35228
2025-11-04 11:30:00,104310.09,104699.07,104275.0,104601.85,242.37301
2025-11-04 11:45:00,104601.84,104639.46,104462.55,104584.76,147.64564
2025-11-04 12:00:00,104584.75,104638.29,104283.1,104340.06,244.59525
2025-11-04 12:15:00,104340.06,104340.06,103884.0,104121.42,379.19004
2025-11-04 12:30:00,104121.42,104129.21,103844.39,104040.99,299.74085
2025-11-04 12:45:00,104040.99,104060.0,103900.49,103952.54,293.43267
2025-11-04 13:00:00,103952.54,104085.52,103724.68,103844.25,225.74267
2025-11-04 13:15:00,103844.24,103975.21,103576.0,103685.54,352.01219
2025-11-04 13:30:00,103685.53,104243.67,103662.7,104193.56,287.22335
2025-11-04 13:45:00,104193.56,104193.57,103881.52,103924.25,153.32574
2025-11-04 14:00:00,103924.26,104037.18,103709.21,103901.34,254.43088
2025-11-04 14:15:00,103901.34,103974.04,103712.47,103783.35,211.42101
2025-11-04 14:30:00,103783.36,103980.0,102915.05,103929.42,1727.71297
2025-11-04 14:45:00,103929.42,104694.28,103822.5,104500.01,722.25817
2025-11-04 15:00:00,104500.01,104824.18,104072.08,104084.68,464.49231
2025-11-04 15:15:00,104084.68,104842.63,104084.68,104466.01,511.07711
2025-11-04 15:30:00,104466.0,104466.01,103967.41,104114.83,616.00543
2025-11-04 15:45:00,104114.82,104114.83,103185.89,103197.01,680.23827
2025-11-04 16:00:00,103197.02,103500.05,103000.0,103078.91,882.41766
2025-11-04 16:15:00,103078.91,103196.34,102511.0,102740.17,955.01132
2025-11-04 16:30:00,102740.16,103034.55,102575.88,102667.05,530.56326
2025-11-04 16:45:00,102667.05,102789.05,102164.0,102257.7,945.33459
2025-11-04 17:00:00,102257.7,102257.7,101250.0,101339.92,1614.41982
2025-11-04 17:15:00,101339.92,101570.11,100800.0,101356.75,1569.68117
2025-11-04 17:30:00,101356.74,101968.0,101278.41,101366.43,611.80773
2025-11-04 17:45:00,101366.43,101494.0,101088.0,101114.83,427.4993
2025-11-04 18:00:00,101114.82,101140.15,100627.63,100810.98,795.49097
2025-11-04 18:15:00,100810.99,100900.0,100289.33,100704.6,967.46763
2025-11-04 18:30:00,100704.61,101266.0,100010.73,101266.0,1545.07928
2025-11-04 18:45:00,101266.0,101492.74,100540.0,101363.98,793.37276
2025-11-04 19:00:00,101363.97,101565.06,100918.1,101406.03,453.43083
2025-11-04 19:15:00,101406.03,101711.84,101180.0,101306.87,436.19025
2025-11-04 19:30:00,101306.86,101432.02,100682.0,100834.0,385.96917
2025-11-04 19:45:00,100834.0,101000.0,100414.0,100542.64,539.20011
2025-11-04 20:00:00,100542.64,100756.01,100287.99,100520.14,421.05762
2025-11-04 20:15:00,100520.13,100653.22,99600.0,100542.12,2341.47847
2025-11-04 20:30:00,100542.13,101119.4,100013.0,100923.0,834.14749
2025-11-04 20:45:00,100923.01,101050.14,100542.65,100755.43,738.88801
2025-11-04 21:00:00,100755.42,100831.49,100240.62,100297.0,854.46525
2025-11-04 21:15:00,100297.0,100394.0,99742.02,99926.29,658.60751
2025-11-04 21:30:00,99926.29,99950.0,98944.36,99304.26,1699.31423
2025-11-04 21:45:00,99304.26,100340.0,99138.74,100311.46,893.37951
2025-11-04 22:00:00,100311.46,101050.0,100082.0,100910.17,802.6843
2025-11-04 22:15:00,100910.17,101333.17,100856.95,101140.92,524.43614
2025-11-04 22:30:00,101140.91,101893.09,101053.57,101178.25,521.05929
2025-11-04 22:45:00,101178.25,101402.0,100900.0,101295.71,410.66836
2025-11-04 23:00:00,101295.7,101597.33,100907.36,101269.2,466.20415
2025-11-04 23:15:00,101269.21,101358.14,101025.18,101235.25,231.40613
2025-11-04 23:30:00,101235.25,101401.68,101100.0,101397.21,379.85387
2025-11-04 23:45:00,101397.21,101740.0,101323.01,101497.22,441.44294
2025-11-05 00:00:00,101497.23,101752.96,101077.0,101105.43,350.82983
2025-11-05 00:15:00,101105.43,101500.0,100960.87,100973.18,297.94945
2025-11-05 00:30:00,100973.18,101090.0,100389.64,100395.5,528.1927
2025-11-05 00:45:00,100395.5,100718.16,100350.0,100564.3,275.40983
2025-11-05 01:00:00,100564.3,100645.4,100039.1,100386.46,369.27694
2025-11-05 01:15:00,100386.46,100386.47,99081.87,99113.39,840.05389
2025-11-05 01:30:00,99113.4,99578.14,98966.8,99349.73,809.85322
2025-11-05 01:45:00,99349.73,101015.01,99250.77,100761.62,1005.82081
2025-11-05 02:00:00,100761.62,101580.0,100754.54,101105.8,948.24214
2025-11-05 02:15:00,101105.8,101499.99,100900.0,101270.0,605.87427
2025-11-05 02:30:00,101270.0,101731.26,101146.71,101731.25,1507.82932
2025-11-05 02:45:00,101731.25,101922.98,101280.0,101677.93,639.04512
2025-11-05 03:00:00,101677.94,101898.25,101461.98,101729.85,482.16196
2025-11-05 03:15:00,101729.85,102174.81,101502.42,102106.47,619.51005
2025-11-05 03:30:00,102106.46,102240.0,101858.91,102223.42,677.61945
2025-11-05 03:45:00,102223.42,102272.23,101989.75,102130.0,1055.17563
2025-11-05 04:00:00,102130.0,102236.92,101892.99,101925.88,830.62381
2025-11-05 04:15:00,101925.89,101999.99,101560.33,101566.32,563.20075
2025-11-05 04:30:00,101566.33,102134.0,101517.47,102064.91,397.41752
2025-11-05 04:45:00,102064.92,102193.2,101806.76,101998.3,268.31356
2025-11-05 05:00:00,101998.3,102370.0,101960.0,102263.77,295.22329
2025-11-05 05:15:00,102263.77,102325.53,101678.4,101882.89,340.49756
2025-11-05 05:30:00,101882.89,102054.49,101736.22,101799.5,262.06264
2025-11-05 05:45:00,101799.5,101834.73,101595.0,101824.89,190.59022
2025-11-05 06:00:00,101824.89,101824.94,101500.0,101667.38,276.81726
2025-11-05 06:15:00,101667.39,101936.8,101528.25,101922.06,228.75849
2025-11-05 06:30:00,101922.06,102065.6,101722.96,101893.76,220.27265
2025-11-05 06:45:00,101893.77,102139.36,101819.37,102119.99,143.81768
2025-11-05 07:00:00,102120.0,102140.0,101759.1,101932.39,108.92017
2025-11-05 07:15:00,101932.38,101938.13,101601.71,101827.54,154.49113
2025-11-05 07:30:00,101827.53,101971.85,101760.17,101944.58,159.60477
2025-11-05 07:45:00,101944.58,102152.58,101865.51,101993.02,221.22928
2025-11-05 08:00:00,101993.03,102000.02,101654.58,101706.58,275.34376
2025-11-05 08:15:00,101706.58,101735.17,101176.47,101431.95,341.47727
2025-11-05 08:30:00,101431.94,101768.28,101332.14,101504.55,273.54119
2025-11-05 08:45:00,101504.55,101838.2,101210.01,101699.74,289.41051
2025-11-05 09:00:00,101699.74,102203.48,101613.0,101907.04,309.01154
2025-11-05 09:15:00,101907.04,102056.94,101608.0,101895.12,195.90895
2025-11-05 09:30:00,101895.12,101999.52,101745.19,101937.37,144.79283
2025-11-05 09:45:00,101937.36,102020.2,101732.3,101995.29,135.40332
2025-11-05 10:00:00,101995.28,101995.29,101705.79,101758.69,143.74432
2025-11-05 10:15:00,101758.69,101865.62,101620.0,101799.1,190.72457
2025-11-05 10:30:00,101799.1,101848.83,101573.0,101699.2,128.36757
2025-11-05 10:45:00,101699.2,101702.32,101285.09,101401.97,262.15519
2025-11-05 11:00:00,101401.97,101714.93,101381.68,101562.86,155.27679
2025-11-05 11:15:00,101562.86,101776.03,101477.92,101605.7,222.38969
2025-11-05 11:30:00,101605.69,101846.15,101576.49,101747.6,152.01891
2025-11-05 11:45:00,101747.6,102110.48,101736.23,102070.61,357.93508
2025-11-05 12:00:00,102070.62,102100.0,101916.77,102033.21,181.94723
2025-11-05 12:15:00,102033.22,102800.71,102009.82,102531.01,568.83387
2025-11-05 12:30:00,102531.0,102733.14,102308.03,102714.98,273.12892
2025-11-05 12:45:00,102714.98,102728.01,102482.05,102673.35,217.35949
2025-11-05 13:00:00,102673.34,102767.59,102488.29,102500.01,348.45211
2025-11-05 13:15:00,102500.0,102595.14,102291.82,102516.67,308.87307
2025-11-05 13:30:00,102516.67,102987.15,102359.59,102828.5,257.9792
2025-11-05 13:45:00,102828.5,103253.39,102768.54,102985.91,536.27802
2025-11-05 14:00:00,102985.9,103021.54,102626.0,102651.86,401.04597
2025-11-05 14:15:00,102651.86,102775.35,102513.03,102658.73,250.27335
2025-11-05 14:30:00,102658.73,103359.5,102169.06,102994.62,666.94032
2025-11-05 14:45:00,102994.62,103470.0,102835.94,103202.3,483.34259
2025-11-05 15:00:00,103202.3,103441.1,102829.51,103016.96,471.0448
2025-11-05 15:15:00,103016.96,103486.14,102925.96,103367.25,365.28395
2025-11-05 15:30:00,103367.24,103798.37,103250.01,103558.28,587.55491
2025-11-05 15:45:00,103558.28,103790.62,103505.94,103728.3,427.58085
2025-11-05 16:00:00,103728.3,103836.0,103276.08,103313.76,385.20372
2025-11-05 16:15:00,103313.76,103547.97,103057.56,103514.6,326.22665
2025-11-05 16:30:00,103514.6,103800.0,103495.01,103600.0,359.01738
2025-11-05 16:45:00,103600.0,104039.66,103594.46,103919.2,607.35573
2025-11-05 17:00:00,103919.2,103923.05,103388.46,103482.99,503.44825
2025-11-05 17:15:00,103482.99,104000.0,103441.22,103903.84,382.7788
2025-11-05 17:30:00,103903.84,103992.19,103750.0,103920.35,254.27123
2025-11-05 17:45:00,103920.35,103947.89,103507.19,103904.05,655.39518
2025-11-05 18:00:00,103904.05,103985.32,103759.53,103941.57,281.17151
2025-11-05 18:15:00,103941.56,104146.64,103908.21,104123.06,298.53341
2025-11-05 18:30:00,104123.05,104285.67,104023.09,104185.8,325.39981
2025-11-05 18:45:00,104185.8,104429.75,104108.29,104347.4,317.35744
2025-11-05 19:00:00,104347.41,104347.76,104076.8,104154.09,221.93627
2025-11-05 19:15:00,104154.09,104529.41,104154.09,104211.1,249.5751
2025-11-05 19:30:00,104211.1,104448.74,104200.0,104306.4,136.94237
2025-11-05 19:45:00,104306.41,104317.83,103986.96,104008.09,188.159
2025-11-05 20:00:00,104008.09,104534.74,103940.0,104520.0,186.39659
2025-11-05 20:15:00,104520.0,104530.0,104011.99,104012.0,102.83568
2025-11-05 20:30:00,104011.99,104021.84,103735.56,103892.0,300.59122
2025-11-05 20:45:00,103892.0,103983.28,103620.0,103831.22,291.6552
2025-11-05 21:00:00,103831.22,103831.22,103615.55,103635.82,144.1082
2025-11-05 21:15:00,103635.81,103812.14,103500.8,103570.29,185.23415
2025-11-05 21:30:00,103570.28,103728.02,103556.51,103622.5,130.654
2025-11-05 21:45:00,103622.49,103762.88,103578.33,103672.37,126.96867
2025-11-05 22:00:00,103672.38,103672.38,103305.05,103312.65,219.32917
2025-11-05 22:15:00,103312.65,103476.23,103306.56,103363.1,79.05163
2025-11-05 22:30:00,103363.09,103692.25,103321.87,103571.83,160.63569
2025-11-05 22:45:00,103571.83,103798.95,103506.89,103706.55,227.42762
2025-11-05 23:00:00,103706.55,103868.58,103667.26,103778.38,144.41379
2025-11-05 23:15:00,103778.38,103998.13,103778.37,103956.18,122.49723
2025-11-05 23:30:00,103956.18,104100.0,103864.77,104090.71,161.14023
2025-11-05 23:45:00,104090.71,104090.71,103854.64,103885.16,104.95926
2025-11-06 00:00:00,103885.16,103897.86,103451.99,103765.27,440.93371
2025-11-06 00:15:00,103765.28,103781.72,103324.21,103432.06,440.8281
2025-11-06 00:30:00,103432.06,103530.11,103340.21,103416.32,152.07904
2025-11-06 00:45:00,103416.32,103686.88,103416.32,103677.72,189.59448
2025-11-06 01:00:00,103677.71,103677.72,103117.61,103211.91,271.77568
2025-11-06 01:15:00,103211.91,103282.03,102716.26,102833.83,503.77665
2025-11-06 01:30:00,102833.83,103418.38,102811.02,103324.49,244.43997
2025-11-06 01:45:00,103324.49,103529.58,103324.49,103365.65,136.08113
2025-11-06 02:00:00,103365.64,103420.0,102911.79,102944.3,180.01067
2025-11-06 02:15:00,102944.3,103148.55,102855.66,102899.28,141.79575
2025-11-06 02:30:00,102899.29,103447.89,102888.73,103311.73,192.27458
2025-11-06 02:45:00,103311.72,103567.93,103311.72,103321.81,196.97888
2025-11-06 03:00:00,103321.8,103567.93,103315.48,103556.04,196.94254
2025-11-06 03:15:00,103556.04,103933.33,103542.99,103598.75,261.57058
2025-11-06 03:30:00,103598.75,103780.0,103598.74,103653.58,127.12307
2025-11-06 03:45:00,103653.59,103717.81,103605.47,103636.03,105.58954
2025-11-06 04:00:00,103636.92,103838.85,103580.0,103810.2,118.16421
2025-11-06 04:15:00,103810.2,103823.86,103728.71,103756.97,118.50738
2025-11-06 04:30:00,103756.96,103881.14,103695.6,103870.77,102.42314
2025-11-06 04:45:00,103870.76,104200.0,103862.97,104030.79,332.24551
2025-11-06 05:00:00,104030.8,104030.8,103424.59,103514.58,328.22104
2025-11-06 05:15:00,103514.58,103678.28,103366.41,103500.01,117.27861
2025-11-06 05:30:00,103500.0,103533.24,103088.0,103260.25,182.78647
2025-11-06 05:45:00,103260.26,103327.65,103093.49,103143.57,127.02206
2025-11-06 06:00:00,103143.57,103277.01,103006.17,103256.72,128.79435
2025-11-06 06:15:00,103256.72,103508.79,103256.72,103508.78,119.19103
2025-11-06 06:30:00,103508.79,103591.47,103250.03,103373.64,164.78114
2025-11-06 06:45:00,103373.65,103455.99,103306.73,103318.75,142.86381
2025-11-06 07:00:00,103318.76,103537.81,103210.4,103302.96,139.54834
2025-11-06 07:15:00,103302.95,103561.94,102910.66,103442.37,245.52826
2025-11-06 07:30:00,103442.38,103500.0,103022.02,103181.73,296.23533
2025-11-06 07:45:00,103181.73,103266.01,102950.59,103185.48,307.27484
2025-11-06 08:00:00,103184.75,103273.4,102971.99,103273.4,237.56452
2025-11-06 08:15:00,103273.4,103440.0,103262.27,103331.62,156.63176
2025-11-06 08:30:00,103331.62,103378.55,103180.03,103187.24,111.36295
2025-11-06 08:45:00,103187.25,103293.31,103089.68,103200.26,141.57139
2025-11-06 09:00:00,103200.26,103261.93,102860.0,103118.78,214.63381
2025-11-06 09:15:00,103118.78,103160.0,102963.47,102963.48,99.43757
2025-11-06 09:30:00,102963.47,103092.55,102935.04,102985.18,101.74165
2025-11-06 09:45:00,102985.18,103078.0,102810.0,102810.01,120.83622
2025-11-06 10:00:00,102810.01,102946.0,102651.63,102867.22,473.3993
2025-11-06 10:15:00,102867.22,103087.99,102849.93,103025.23,130.25947
2025-11-06 10:30:00,103025.23,103288.59,103014.93,103119.28,236.08013
2025-11-06 10:45:00,103119.28,103223.23,103023.62,103122.54,93.20507
2025-11-06 11:00:00,103122.54,103122.54,102743.82,102878.58,159.59125
2025-11-06 11:15:00,102878.58,103180.0,102827.51,103142.97,152.53987
2025-11-06 11:30:00,103142.98,103300.01,103085.43,103173.52,122.81099
2025-11-06 11:45:00,103173.53,103272.24,103139.36,103227.58,105.5872
2025-11-06 12:00:00,103227.59,103333.18,102985.0,103014.41,190.86665
2025-11-06 12:15:00,103014.41,103020.33,102792.3,102802.7,187.68376
2025-11-06 12:30:00,102802.7,102997.6,102427.0,102449.13,367.00017
2025-11-06 12:45:00,102449.13,102655.97,102383.64,102552.38,305.59507
2025-11-06 13:00:00,102552.39,102944.99,102552.38,102893.64,189.17179
2025-11-06 13:15:00,102893.64,103626.46,102870.3,103496.81,373.73372
2025-11-06 13:30:00,103496.82,103571.86,103150.47,103293.94,257.76649
2025-11-06 13:45:00,103293.94,103515.59,103293.93,103319.71,120.51098
2025-11-06 14:00:00,103319.71,103579.68,102701.02,103030.78,298.9802
2025-11-06 14:15:00,103030.78,103125.0,102755.16,102901.5,202.42938
2025-11-06 14:30:00,102901.5,102919.54,102202.0,102516.9,661.51188
2025-11-06 14:45:00,102516.9,102910.44,102044.63,102125.0,498.08651
2025-11-06 15:00:00,102124.99,102472.0,101900.0,102233.47,733.33871
2025-11-06 15:15:00,102233.47,102932.94,102125.33,102438.02,724.58351
2025-11-06 15:30:00,102438.03,102463.38,101729.65,101806.6,862.49041
2025-11-06 15:45:00,101806.6,102152.07,101630.0,102014.48,706.79704
2025-11-06 16:00:00,102014.49,102393.51,101790.27,101790.98,559.67432
2025-11-06 16:15:00,101790.97,101915.77,101535.87,101805.84,478.84852
2025-11-06 16:30:00,101805.83,101805.83,100300.95,100593.45,1082.41411
2025-11-06 16:45:00,100593.44,101167.7,100330.14,100867.2,914.79026
2025-11-06 17:00:00,100867.19,101491.64,100770.57,100957.42,416.87209
2025-11-06 17:15:00,100957.41,101493.0,100855.62,101432.12,267.91246
2025-11-06 17:30:00,101432.11,101559.41,101198.01,101350.0,279.18278
2025-11-06 17:45:00,101350.0,101946.31,101349.99,101804.01,346.80315
2025-11-06 18:00:00,101804.02,101804.02,101299.59,101391.34,171.96893
2025-11-06 18:15:00,101391.34,101532.53,100916.74,101357.47,284.62287
2025-11-06 18:30:00,101357.46,101837.24,101330.95,101666.13,225.27755
2025-11-06 18:45:00,101666.12,102338.0,101647.32,101722.13,274.29312
2025-11-06 19:00:00,101722.12,101949.99,101580.0,101942.2,196.45164
2025-11-06 19:15:00,101942.21,101999.44,101633.69,101813.37,178.53284
2025-11-06 19:30:00,101813.37,101884.49,101242.47,101461.4,222.21083
2025-11-06 19:45:00,101461.4,101595.24,101202.73,101388.81,159.40843
2025-11-06 20:00:00,101388.82,101643.28,101255.82,101307.5,173.71538
2025-11-06 20:15:00,101307.08,101452.26,101047.96,101082.24,164.87258
2025-11-06 20:30:00,101082.23,101150.95,100638.55,100762.46,264.98364
2025-11-06 20:45:00,100762.87,101093.15,100688.69,100914.11,208.79123
2025-11-06 21:00:00,100914.11,101014.0,100574.1,100605.17,203.31443
2025-11-06 21:15:00,100605.17,100886.0,100541.17,100873.31,169.08445
2025-11-06 21:30:00,100873.32,101149.51,100820.57,101009.71,199.10002
2025-11-06 21:45:00,101009.7,101220.9,100760.12,101117.17,366.79305
2025-11-06 22:00:00,101117.17,101394.01,101009.7,101009.7,332.8245
2025-11-06 22:15:00,101009.7,101323.94,101009.7,101133.1,107.5535
2025-11-06 22:30:00,101133.11,101290.35,101077.22,101205.39,104.76886
2025-11-06 22:45:00,101205.39,101480.0,101120.15,101415.05,94.74948
2025-11-06 23:00:00,101415.05,101471.94,101162.37,101414.74,356.90596
2025-11-06 23:15:00,101414.75,101538.0,101132.6,101359.0,612.14285
2025-11-06 23:30:00,101359.0,101394.0,101156.34,101245.3,231.77241
2025-11-06 23:45:00,101245.31,101400.0,101245.31,101346.04,73.52584
2025-11-07 00:00:00,101346.04,101640.0,101216.45,101347.56,192.78878
2025-11-07 00:15:00,101347.56,101496.76,100749.94,100929.61,250.13309
2025-11-07 00:30:00,100929.61,101438.0,100786.91,101378.28,195.65023
2025-11-07 00:45:00,101378.28,101615.36,101306.11,101479.78,184.97495
2025-11-07 01:00:00,101479.79,101572.45,101046.87,101315.18,199.61374
2025-11-07 01:15:00,101315.19,101894.83,101192.73,101680.24,331.1459
2025-11-07 01:30:00,101680.24,101680.25,100905.1,101086.07,339.58233
2025-11-07 01:45:00,101086.06,101575.55,100964.18,101538.96,224.7043
2025-11-07 02:00:00,101538.96,101632.96,101421.78,101577.45,155.96453
2025-11-07 02:15:00,101577.46,101699.91,101242.79,101243.01,184.79511
2025-11-07 02:30:00,101243.01,101616.19,101243.0,101553.98,225.47427
2025-11-07 02:45:00,101553.99,101928.99,101541.74,101905.11,213.25353
2025-11-07 03:00:00,101905.12,102500.0,101885.13,102331.16,781.16162
2025-11-07 03:15:00,102331.16,102343.14,102112.36,102285.71,242.06742
2025-11-07 03:30:00,102285.72,102285.72,102088.0,102130.03,103.09441
2025-11-07 03:45:00,102130.04,102130.04,101876.03,101916.29,141.20951
2025-11-07 04:00:00,101916.3,101971.7,101582.92,101582.93,311.05061
2025-11-07 04:15:00,101582.93,102060.25,101582.92,101995.56,163.04328
2025-11-07 04:30:00,101995.57,101995.57,101725.0,101829.48,94.47256
2025-11-07 04:45:00,101829.49,102100.25,101776.44,102027.19,229.51796
2025-11-07 05:00:00,102027.2,102527.0,102024.75,102433.43,218.28281
2025-11-07 05:15:00,102433.44,102489.71,102256.2,102407.99,201.63906
2025-11-07 05:30:00,102407.98,102407.99,102276.85,102305.23,172.22394
2025-11-07 05:45:00,102305.23,102491.1,102271.09,102447.47,109.07115
2025-11-07 06:00:00,102447.48,102496.0,102291.59,102322.71,90.60851
2025-11-07 06:15:00,102322.71,102486.74,102250.0,102250.0,88.40856
2025-11-07 06:30:00,102250.0,102250.01,102062.32,102080.83,158.05465
2025-11-07 06:45:00,102080.84,102080.84,101819.1,101819.1,132.81201
2025-11-07 07:00:00,101819.11,101980.0,101814.1,101844.11,182.80081
2025-11-07 07:15:00,101844.11,102000.0,101681.92,101842.33,270.68202
2025-11-07 07:30:00,101842.32,101870.0,101638.43,101826.94,254.55017
2025-11-07 07:45:00,101826.94,102010.0,101816.68,102010.0,385.39289
2025-11-07 08:00:00,102009.99,102050.0,101860.35,101934.67,222.57057
2025-11-07 08:15:00,101934.67,101973.35,101700.1,101813.04,227.60298
2025-11-07 08:30:00,101813.04,101813.04,101510.0,101621.45,212.69333
2025-11-07 08:45:00,101621.45,101621.46,101438.39,101496.18,154.59275
2025-11-07 09:00:00,101496.18,101512.51,101230.85,101370.99,248.75049
2025-11-07 09:15:00,101370.99,101493.99,100959.69,101006.26,673.82832
2025-11-07 09:30:00,101006.26,101141.16,100848.99,100940.47,185.38645
2025-11-07 09:45:00,100940.47,101032.55,100775.65,101013.66,274.95475
2025-11-07 10:00:00,101013.67,101250.03,100946.44,100958.44,196.12023
2025-11-07 10:15:00,100958.44,100975.0,100636.52,100668.32,312.53826
2025-11-07 10:30:00,100668.32,100950.0,100614.37,100944.85,236.54337
2025-11-07 10:45:00,100944.84,100944.85,100564.43,100770.85,534.32948
2025-11-07 11:00:00,100770.85,100796.86,100103.37,100103.38,651.91522
2025-11-07 11:15:00,100103.38,100314.06,99803.58,99918.02,1244.81651
2025-11-07 11:30:00,99918.02,100272.64,99864.99,100155.02,666.69695
2025-11-07 11:45:00,100155.02,100610.05,100092.15,100411.89,557.07148
2025-11-07 12:00:00,100411.89,100625.0,100288.0,100293.5,284.62888
2025-11-07 12:15:00,100293.49,100325.62,99853.29,99932.01,303.83201
2025-11-07 12:30:00,99932.0,99932.01,99636.45,99799.98,589.04006
2025-11-07 12:45:00,99799.98,99799.99,99260.86,99638.28,622.18107
2025-11-07 13:00:00,99638.29,100334.0,99455.1,100043.59,553.1996
2025-11-07 13:15:00,100043.58,100555.21,99884.26,100140.33,522.58036
2025-11-07 13:30:00,100140.33,100374.7,100088.91,100203.6,274.48184
2025-11-07 13:45:00,100203.6,100579.72,100182.97,100347.35,285.20429
2025-11-07 14:00:00,100347.35,100531.78,100018.61,100352.32,441.88387
2025-11-07 14:15:00,100352.32,100370.82,100058.0,100296.7,353.77491
2025-11-07 14:30:00,100296.7,100793.33,99519.32,100793.33,827.18776
2025-11-07 14:45:00,100793.65,100922.78,100316.24,100806.08,974.28421
2025-11-07 15:00:00,100806.7,101191.24,100353.45,101156.86,791.70343
2025-11-07 15:15:00,101156.86,101253.99,100666.91,101020.01,724.85735
2025-11-07 15:30:00,101020.0,101150.0,100420.59,100669.91,491.79117
2025-11-07 15:45:00,100669.91,101139.46,100601.53,100797.95,592.38593
2025-11-07 16:00:00,100797.95,100960.01,100517.06,100566.65,374.32186
2025-11-07 16:15:00,100566.66,101628.43,100547.33,101532.87,742.82141
2025-11-07 16:30:00,101532.88,101625.76,101092.24,101413.1,453.57188
2025-11-07 16:45:00,101413.1,101460.0,100974.23,101169.2,404.48731
2025-11-07 17:00:00,101169.19,101639.27,100942.73,101631.76,312.08435
2025-11-07 17:15:00,101631.77,102473.39,101598.54,102338.0,706.30864
2025-11-07 17:30:00,102337.99,102736.84,102087.05,102118.31,579.2526
2025-11-07 17:45:00,102118.31,102463.08,101882.78,102397.12,494.31516
2025-11-07 18:00:00,102397.13,102822.84,102330.91,102591.14,475.70051
2025-11-07 18:15:00,102591.13,102859.99,102389.26,102694.41,317.01224
2025-11-07 18:30:00,102694.41,102820.0,102521.36,102620.58,419.11717
2025-11-07 18:45:00,102620.59,102747.79,102282.2,102609.46,373.28096
2025-11-07 19:00:00,102609.46,102826.99,102481.75,102821.99,251.82078
2025-11-07 19:15:00,102822.0,102989.26,102767.62,102849.65,204.10487
2025-11-07 19:30:00,102849.65,103331.82,102849.65,103257.05,462.34592
2025-11-07 19:45:00,103257.05,103395.25,103102.0,103395.25,266.02246
2025-11-07 20:00:00,103395.92,103429.26,102958.0,103342.37,197.23794
2025-11-07 20:15:00,103342.38,103417.85,103010.34,103200.0,196.87981
2025-11-07 20:30:00,103200.0,103866.19,103191.33,103837.26,315.53839
2025-11-07 20:45:00,103837.26,103900.0,103642.49,103783.09,260.97199
2025-11-07 21:00:00,103783.08,103783.09,103353.6,103460.46,184.96341
2025-11-07 21:15:00,103460.46,103589.44,103311.33,103420.02,224.87947
2025-11-07 21:30:00,103420.03,103536.01,103380.52,103494.67,220.08125
2025-11-07 21:45:00,103494.67,103879.23,103450.89,103879.23,113.39153
2025-11-07 22:00:00,103879.22,104096.36,103641.83,103685.32,397.27966
2025-11-07 22:15:00,103685.32,104013.07,103685.32,103931.28,113.06214
2025-11-07 22:30:00,103931.28,103931.28,103696.03,103704.72,110.31955
2025-11-07 22:45:00,103704.73,103880.0,103595.38,103633.03,115.99198
2025-11-07 23:00:00,103633.04,103759.36,103488.78,103582.05,140.13374
2025-11-07 23:15:00,103582.06,103670.0,103415.61,103415.62,108.49906
2025-11-07 23:30:00,103415.63,103618.35,103415.63,103420.0,134.73578
2025-11-07 23:45:00,103420.0,103549.86,103329.79,103339.08,127.32301
2025-11-08 00:00:00,103339.09,103380.0,103126.44,103316.0,220.74312
2025-11-08 00:15:00,103315.99,103406.22,103045.68,103073.65,171.54038
2025-11-08 00:30:00,103073.66,103115.3,102539.49,102890.8,297.64117
2025-11-08 00:45:00,102890.8,103178.0,102650.09,102713.15,187.34028
2025-11-08 01:00:00,102713.15,103111.11,102662.25,102903.38,173.0433
2025-11-08 01:15:00,102903.38,103076.31,102888.0,102977.43,111.13768
2025-11-08 01:30:00,102977.42,103240.32,102841.95,103043.75,139.4671
2025-11-08 01:45:00,103043.75,103128.1,102969.63,102996.84,74.59287
2025-11-08 02:00:00,102996.85,103159.55,102921.81,103107.45,120.37302
2025-11-08 02:15:00,103107.45,103312.03,103063.37,103249.4,132.1702
2025-11-08 02:30:00,103249.4,103333.33,103140.28,103142.21,91.76364
2025-11-08 02:45:00,103142.2,103169.8,102766.31,102846.65,150.42149
2025-11-08 03:00:00,102846.66,103189.87,102846.65,103080.5,92.60693
2025-11-08 03:15:00,103080.51,103293.21,103080.5,103095.41,88.54573
2025-11-08 03:30:00,103095.41,103130.05,102673.5,102726.73,185.26796
2025-11-08 03:45:00,102726.74,102786.72,102592.75,102592.76,165.15164
2025-11-08 04:00:00,102592.76,102738.71,102592.75,102668.04,110.00537
2025-11-08 04:15:00,102668.04,102721.72,102463.61,102471.36,165.32433
2025-11-08 04:30:00,102471.36,102769.2,102409.52,102769.2,177.46761
2025-11-08 04:45:00,102769.19,102836.0,102486.5,102565.03,150.1263
2025-11-08 05:00:00,102565.03,102733.83,102490.0,102541.94,116.84154
2025-11-08 05:15:00,102541.93,102620.0,102471.53,102504.73,64.44694
2025-11-08 05:30:00,102504.73,102618.59,102427.33,102452.0,71.61729
2025-11-08 05:45:00,102452.0,102570.3,102272.66,102304.0,143.1585
2025-11-08 06:00:00,102304.01,102372.4,102092.26,102112.98,217.87578
2025-11-08 06:15:00,102112.98,102434.0,102112.52,102342.79,201.67511
2025-11-08 06:30:00,102342.8,102519.03,102328.4,102402.41,95.37031
2025-11-08 06:45:00,102402.41,102471.54,102197.78,102215.62,75.85373
2025-11-08 07:00:00,102215.63,102302.43,102176.47,102281.52,46.51959
2025-11-08 07:15:00,102281.53,102387.3,101902.64,102083.2,233.73058
2025-11-08 07:30:00,102083.2,102271.86,102017.62,102254.58,101.05497
2025-11-08 07:45:00,102254.58,102399.88,102245.8,102352.96,70.89456
2025-11-08 08:00:00,102352.96,102545.06,102300.0,102343.0,144.16199
2025-11-08 08:15:00,102343.01,102505.79,102156.36,102450.42,103.90765
2025-11-08 08:30:00,102450.42,102687.72,102414.01,102614.76,149.31396
2025-11-08 08:45:00,102614.76,102614.76,102431.73,102431.74,72.80008
2025-11-08 09:00:00,102431.74,102431.74,102249.51,102276.43,67.44908
2025-11-08 09:15:00,102276.44,102522.77,102225.52,102480.38,87.36162
2025-11-08 09:30:00,102480.38,102615.53,102452.79,102547.25,77.82949
2025-11-08 09:45:00,102547.24,102556.1,102304.25,102399.46,126.98607
2025-11-08 10:00:00,102399.45,102399.46,102310.0,102357.7,53.89016
2025-11-08 10:15:00,102357.7,102520.03,102333.84,102520.02,61.15147
2025-11-08 10:30:00,102520.02,102569.55,102435.67,102488.64,93.17497
2025-11-08 10:45:00,102488.64,102575.35,102480.03,102480.04,92.82257
2025-11-08 11:00:00,102480.04,102618.03,102446.05,102617.97,82.63375
2025-11-08 11:15:00,102617.97,102630.14,102464.39,102509.99,91.37228
2025-11-08 11:30:00,102509.99,102509.99,101956.0,102029.35,206.93015
2025-11-08 11:45:00,102029.35,102090.14,101715.76,101857.1,326.42528
2025-11-08 12:00:00,101857.1,102064.0,101731.19,101752.08,152.64938
2025-11-08 12:15:00,101752.09,102067.35,101752.08,101995.82,106.78941
2025-11-08 12:30:00,101995.82,102094.0,101900.0,101900.01,91.12132
2025-11-08 12:45:00,101900.0,102108.0,101887.73,102065.14,88.68616
2025-11-08 13:00:00,102065.14,102091.82,101720.67,101980.28,234.2852
2025-11-08 13:15:00,101980.28,102160.0,101866.01,102105.93,268.54555
2025-11-08 13:30:00,102105.93,102186.99,101919.59,101975.72,232.66549
2025-11-08 13:45:00,101975.72,101993.98,101787.95,101804.63,217.3366
2025-11-08 14:00:00,101804.62,101866.0,101548.25,101628.6,542.94423
2025-11-08 14:15:00,101628.6,101749.46,101454.0,101701.29,287.30033
2025-11-08 14:30:00,101701.29,102058.9,101701.28,101926.0,152.99451
2025-11-08 14:45:00,101926.0,102083.67,101806.75,101827.19,176.14282
2025-11-08 15:00:00,101827.19,101937.49,101749.95,101850.0,121.42298
2025-11-08 15:15:00,101850.0,101954.0,101513.59,101591.92,210.22363
2025-11-08 15:30:00,101591.93,101650.0,101500.0,101568.08,85.42696
2025-11-08 15:45:00,101568.09,101734.09,101552.86,101711.45,94.59699
2025-11-08 16:00:00,101711.46,101938.77,101525.98,101925.38,121.2546
2025-11-08 16:15:00,101925.38,101963.66,101702.37,101841.17,101.45267
2025-11-08 16:30:00,101841.17,101934.8,101738.43,101738.43,159.46821
2025-11-08 16:45:00,101738.44,101859.48,101670.6,101850.22,120.39595
2025-11-08 17:00:00,101850.23,101865.4,101549.85,101648.57,192.01321
2025-11-08 17:15:00,101648.56,101872.39,101648.56,101800.5,113.89276
2025-11-08 17:30:00,101800.49,101955.35,101766.64,101889.65,78.59324
2025-11-08 17:45:00,101889.65,102003.57,101811.99,101994.52,95.47678
2025-11-08 18:00:00,101994.53,102017.14,101895.2,101992.44,73.66189
2025-11-08 18:15:00,101992.44,102009.23,101824.86,102009.23,172.03574
2025-11-08 18:30:00,102009.23,102128.03,101898.25,102042.16,436.36828
2025-11-08 18:45:00,102042.17,102219.39,102001.68,102139.53,84.38043
2025-11-08 19:00:00,102139.52,102186.87,102110.34,102126.16,49.31537
2025-11-08 19:15:00,102126.16,102141.46,101522.08,101801.24,187.94443
2025-11-08 19:30:00,101801.23,102019.0,101774.43,101949.7,82.66954
2025-11-08 19:45:00,101949.69,101991.69,101859.85,101989.65,51.48401
2025-11-08 20:00:00,101989.65,102099.15,101957.94,101965.62,61.38446
2025-11-08 20:15:00,101965.63,102108.91,101965.62,102108.9,37.81368
2025-11-08 20:30:00,102108.9,102129.0,102079.57,102128.82,41.12623
2025-11-08 20:45:00,102128.82,102172.35,102028.39,102068.06,66.30023
2025-11-08 21:00:00,102068.06,102145.72,102061.67,102123.27,7.97509
